precio,titulo,vendidos
4.199.900,Celular Apple iPhone 13  128gb 4gb  A15 Bionic Cámara 12mpx ,Nuevo  |  370 vendidos
4.199.900,Celular Apple iPhone 13  128gb 4gb  A15 Bionic Cámara 12mpx ,Nuevo  |  370 vendidos
4.199.900,Celular Apple iPhone 13  128gb 4gb  A15 Bionic Cámara 12mpx ,Nuevo  |  370 vendidos
4.199.900,Celular Apple iPhone 13  128gb 4gb  A15 Bionic Cámara 12mpx ,Nuevo  |  370 vendidos
4.199.900,Celular Apple iPhone 13  128gb 4gb  A15 Bionic Cámara 12mpx ,Nuevo  |  370 vendidos
4.199.900,Celular Apple iPhone 13  128gb 4gb  A15 Bionic Cámara 12mpx ,Nuevo  |  370 vendidos
774.900,Realme 9i 128gb Dual Sim 6gb Ram Snapdragon 50mpx,Nuevo  |  331 vendidos
1.359.900,Celular Xiaomi Poco X4 Pro 5g 256gb / 8ram / 108mp / + Forro,Nuevo  |  80 vendidos
6.249.000,Celular iPhone 13 Pro Max 256gb Chip Bionic A15 Cámara 12,Nuevo  |  94 vendidos
879.900,Celular Xiaomi Redmi Note 10s / 128gb / 6ram / 64mp + Forro,Nuevo  |  149 vendidos
1.419.900,Celular Samsung Galaxy A52s 5g 128gb 6gb 64mpx Forro +vidrio,Nuevo  |  252 vendidos
1.617.400,Celular Samsung Galaxy A52s 128gb Negro + Audifonos Buds 2,Nuevo  |  103 vendidos
5.799.000,Celular iPhone 13 Pro Max 128gb ,Nuevo  |  66 vendidos
4.049.900,Celular Apple iPhone 13 Chip Bionic A15 Cámara 12mpx 128gb ,Nuevo  |  70 vendidos
1.929.900,Celular Xiaomi 11t 256gb  8 Ram  108mp + Forro,Nuevo  |  79 vendidos
2.810.900,iPhone 11 128 gb  negro,Nuevo  |  125 vendidos
774.900,Realme 9i 128gb Dual Sim 6gb Ram Snapdragon 50mpx,Nuevo  |  331 vendidos
774.900,Realme 9i 128gb Dual Sim 6gb Ram Snapdragon 50mpx,Nuevo  |  331 vendidos
1.359.900,Celular Xiaomi Poco X4 Pro 5g 256gb / 8ram / 108mp / + Forro,Nuevo  |  80 vendidos
1.359.900,Celular Xiaomi Poco X4 Pro 5g 256gb / 8ram / 108mp / + Forro,Nuevo  |  80 vendidos
6.249.000,Celular iPhone 13 Pro Max 256gb Chip Bionic A15 Cámara 12,Nuevo  |  94 vendidos
precio,titulo,vendidos
4.199.900,Celular Apple iPhone 13  128gb 4gb  A15 Bionic Cámara 12mpx ,Nuevo  |  370 vendidos
4.199.900,Celular Apple iPhone 13  128gb 4gb  A15 Bionic Cámara 12mpx ,Nuevo  |  370 vendidos
4.199.900,Celular Apple iPhone 13  128gb 4gb  A15 Bionic Cámara 12mpx ,Nuevo  |  370 vendidos
4.199.900,Celular Apple iPhone 13  128gb 4gb  A15 Bionic Cámara 12mpx ,Nuevo  |  370 vendidos
4.199.900,Celular Apple iPhone 13  128gb 4gb  A15 Bionic Cámara 12mpx ,Nuevo  |  370 vendidos
4.199.900,Celular Apple iPhone 13  128gb 4gb  A15 Bionic Cámara 12mpx ,Nuevo  |  370 vendidos
774.900,Realme 9i 128gb Dual Sim 6gb Ram Snapdragon 50mpx,Nuevo  |  331 vendidos
1.359.900,Celular Xiaomi Poco X4 Pro 5g 256gb / 8ram / 108mp / + Forro,Nuevo  |  80 vendidos
6.249.000,Celular iPhone 13 Pro Max 256gb Chip Bionic A15 Cámara 12,Nuevo  |  94 vendidos
879.900,Celular Xiaomi Redmi Note 10s / 128gb / 6ram / 64mp + Forro,Nuevo  |  149 vendidos
1.419.900,Celular Samsung Galaxy A52s 5g 128gb 6gb 64mpx Forro +vidrio,Nuevo  |  252 vendidos
1.617.400,Celular Samsung Galaxy A52s 128gb Negro + Audifonos Buds 2,Nuevo  |  103 vendidos
5.799.000,Celular iPhone 13 Pro Max 128gb ,Nuevo  |  66 vendidos
4.049.900,Celular Apple iPhone 13 Chip Bionic A15 Cámara 12mpx 128gb ,Nuevo  |  70 vendidos
1.929.900,Celular Xiaomi 11t 256gb  8 Ram  108mp + Forro,Nuevo  |  79 vendidos
2.810.900,iPhone 11 128 gb  negro,Nuevo  |  125 vendidos
774.900,Realme 9i 128gb Dual Sim 6gb Ram Snapdragon 50mpx,Nuevo  |  331 vendidos
774.900,Realme 9i 128gb Dual Sim 6gb Ram Snapdragon 50mpx,Nuevo  |  331 vendidos
1.359.900,Celular Xiaomi Poco X4 Pro 5g 256gb / 8ram / 108mp / + Forro,Nuevo  |  80 vendidos
1.359.900,Celular Xiaomi Poco X4 Pro 5g 256gb / 8ram / 108mp / + Forro,Nuevo  |  80 vendidos
6.249.000,Celular iPhone 13 Pro Max 256gb Chip Bionic A15 Cámara 12,Nuevo  |  94 vendidos
6.249.000,Celular iPhone 13 Pro Max 256gb Chip Bionic A15 Cámara 12,Nuevo  |  94 vendidos
6.249.000,Celular iPhone 13 Pro Max 256gb Chip Bionic A15 Cámara 12,Nuevo  |  94 vendidos
569.900,Celular Xiaomi Redmi 10c 64gb 3gb Eu Gris,Nuevo  |  39 vendidos
1.419.900,Celular Samsung Galaxy A52s 5g 128gb 6gb 64mpx Forro +vidrio,Nuevo  |  252 vendidos
1.419.900,Celular Samsung Galaxy A52s 5g 128gb 6gb 64mpx Forro +vidrio,Nuevo  |  252 vendidos
1.419.900,Celular Samsung Galaxy A52s 5g 128gb 6gb 64mpx Forro +vidrio,Nuevo  |  252 vendidos
1.419.900,Celular Samsung Galaxy A52s 5g 128gb 6gb 64mpx Forro +vidrio,Nuevo  |  252 vendidos
5.799.000,Celular iPhone 13 Pro Max 128gb ,Nuevo  |  66 vendidos
5.799.000,Celular iPhone 13 Pro Max 128gb ,Nuevo  |  66 vendidos
4.049.900,Celular Apple iPhone 13 Chip Bionic A15 Cámara 12mpx 128gb ,Nuevo  |  70 vendidos
4.049.900,Celular Apple iPhone 13 Chip Bionic A15 Cámara 12mpx 128gb ,Nuevo  |  70 vendidos
4.049.900,Celular Apple iPhone 13 Chip Bionic A15 Cámara 12mpx 128gb ,Nuevo  |  70 vendidos
4.049.900,Celular Apple iPhone 13 Chip Bionic A15 Cámara 12mpx 128gb ,Nuevo  |  70 vendidos
5.799.000,Celular iPhone 13 Pro Max 128gb ,Nuevo  |  66 vendidos
5.799.000,Celular iPhone 13 Pro Max 128gb ,Nuevo  |  66 vendidos
3.999.900,Celular Samsung Galaxy Note 20 Ultra 256gb ,Nuevo  |  86 vendidos
2.329.000,Xiaomi Mi 11t Pro 256 Gb 8 Gb Ram Dual Sim,Nuevo  |  13 vendidos
789.900,Celular Redmi Note 11 128gb 4ram 5000mah Fast Charge 33w,Nuevo  |  210 vendidos
1.269.900,Celular Huawei Nova 9 Se Azul 128 Gb + Hw Band 6 128 Gb,Nuevo  |  52 vendidos
959.900,Celular Xiaomi Redmi Note 11s 6gb Ram 128gb 108 Mp,Nuevo  |  86 vendidos
796.900,Samsung Galaxy A32 Dual Sim 128 Gb 4 Gb Ram,Nuevo  |  139 vendidos
829.000,"Celular Cat®s42 Resistente A Caídas, Agua/batería 4,200mah",Nuevo  |  235 vendidos
554.900,Celular Xiaomi Redmi 9c 128gb 4 Ram Dual Sim 5000mah Purpura,Nuevo  |  57 vendidos
1.829.000,Xiaomi Poco X3 Gt 5g 21061110ag 8gb 128gb Dual Sim Duos,Nuevo
1.208.900,Celular Xiaomi Redmi Note 10 Pro / Camara 108mp / 6ram 128gb,Nuevo  |  196 vendidos
1.229.900,Celular Poco X4 Pro 6+128gb Black,Nuevo  |  71 vendidos
3.899.900,Celular Xiaomi 12 Pro 5g 256gb 8ram 4600mah 120w Qsd 8 Gen 1,Nuevo  |  4 vendidos
