,name_product,price_product,link_product
0,Juguete De Actividades Fisher Price Robi Rueda Conmigo,389.925,https://click1.mercadolibre.com.co/mclics/clicks/external/MCO/count?a=LIlnGXSSXxbF8N2qOPkAEM3A8pl6%2FeCjY1X%2Bo4K0Ez7PewOMZ%2F%2B5VFgspczmJItBRszvuk8%2Bh1KDekH07rkwGzJRed%2FvKV9kRGYZKcuKY8FReUpyx0gCLYNGzDFs%2BAds%2Bw2yF6cZBP0DECCzRSmoIt8x1YWn55ZhdG%2Fri2awRpogh0ZsaEw5spWVwfnzZ9lKBvhiDCi96uWBtv9XwVvLucjcrVaxv1b6J4kxzjgXjjFXSzFmKy9EcyYGWD1w5fzkp6Xe0fNbi8puO1LHhsxTpgFfFOdOcBxqqrgQzJoMe9nzRgkQmja4e7rhmW%2F5QR%2FK0baAgFpHyi%2BhF7mhSYsz3c1XVqKaK6mto1Lh4X0nrbuCzZCnxu5ECJRTfduwsyAjAJdj1bjO%2FQmxwLNK39rfsfrbmGYQwerLDi7frkfcsPCTrBKZ6YPDozRerIXxD63SaJmnkplUTau6gDt067fC185idOQRc1KvRk%2FhdKlK9cmPlsqE2gFEWHHrDXGtLhH06KSBK1dYDESJtjgwPN3lySafPEI%2BHdapiH22dpxzTqDBROgs9%2F26FRcUdTqTAXDttEnCLQyZaMHgc7dQ5%2B%2FPrEDq96bG4As%2BJuehOhrk%2FEvg8thy3ZUPmarTJFw7KWlD9mrxKYUYL%2BNNgfsntLpOQvfyMvT6KMHIUGsOwGM0VB6CfgIW76pyB3fK53HAz%2BxzzCXuSxFInB4YbE2bkO0uDLAMLRw9VXLh8rwgD2HEm%2FGu5gLWRh%2BSTnH3ULVEDlTj6yJternN2jDGS9WkBikRVg%3D%3D&rb=x
1,Hermosas Cachorras De Pastor Belga Malenois,1.100.000,https://articulo.mercadolibre.com.co/MCO-642451088-hermosas-cachorras-de-pastor-belga-malenois-_JM?searchVariation=173537715771#searchVariation=173537715771&position=2&search_layout=stack&type=item&tracking_id=6bfd5292-3eb1-4ce3-8ef4-a9e94cbad50f
2,Venta De Perros De Pomerania En Medellin,2.600.000,https://articulo.mercadolibre.com.co/MCO-871545012-venta-de-perros-de-pomerania-en-medellin-_JM?searchVariation=174314971441#searchVariation=174314971441&position=3&search_layout=stack&type=item&tracking_id=6bfd5292-3eb1-4ce3-8ef4-a9e94cbad50f
3,Perros Cachorros Shitzu Disponible Para Entregar,1.000.000,https://articulo.mercadolibre.com.co/MCO-613545758-perros-cachorros-shitzu-disponible-para-entregar-_JM?searchVariation=79846890610#searchVariation=79846890610&position=4&search_layout=stack&type=item&tracking_id=6bfd5292-3eb1-4ce3-8ef4-a9e94cbad50f
4,Hermosos Cachorros De Raza Husky Siberiano,1.000.000,https://articulo.mercadolibre.com.co/MCO-839907611-hermosos-cachorros-de-raza-husky-siberiano-_JM?searchVariation=173985757448#searchVariation=173985757448&position=5&search_layout=stack&type=item&tracking_id=6bfd5292-3eb1-4ce3-8ef4-a9e94cbad50f
5,Cacharros Shitzu Mini Macho Disponible Servicio De Envío,1.250.000,https://articulo.mercadolibre.com.co/MCO-614460513-cacharros-shitzu-mini-macho-disponible-servicio-de-envio-_JM?searchVariation=80425307910#searchVariation=80425307910&position=6&search_layout=stack&type=item&tracking_id=6bfd5292-3eb1-4ce3-8ef4-a9e94cbad50f
6,Espectaculares Cachorros Rotweilwer Mascotas Rionegro,1.300.000,https://articulo.mercadolibre.com.co/MCO-850978191-espectaculares-cachorros-rotweilwer-mascotas-rionegro-_JM?searchVariation=174306946097#searchVariation=174306946097&position=7&search_layout=stack&type=item&tracking_id=6bfd5292-3eb1-4ce3-8ef4-a9e94cbad50f
7,Pastor Aleman Cachorro Mascotas Rionegro Medellín Bogota,980.000,https://articulo.mercadolibre.com.co/MCO-873274430-pastor-aleman-cachorro-mascotas-rionegro-medellin-bogota-_JM?searchVariation=174329664932#searchVariation=174329664932&position=8&search_layout=stack&type=item&tracking_id=6bfd5292-3eb1-4ce3-8ef4-a9e94cbad50f
8,Perros Cachorros Bernes De La Montaña Boyero Suizo Vernes,6.360.000,https://articulo.mercadolibre.com.co/MCO-849173048-perros-cachorros-bernes-de-la-montana-boyero-suizo-vernes-_JM?searchVariation=174089047889#searchVariation=174089047889&position=9&search_layout=stack&type=item&tracking_id=6bfd5292-3eb1-4ce3-8ef4-a9e94cbad50f
9,Cachorro Bulldogs Ingles Bull Dog Ingles Perrito Cachorrito,9.600.000,https://articulo.mercadolibre.com.co/MCO-851419297-cachorro-bulldogs-ingles-bull-dog-ingles-perrito-cachorrito-_JM?searchVariation=174112647577#searchVariation=174112647577&position=10&search_layout=stack&type=item&tracking_id=6bfd5292-3eb1-4ce3-8ef4-a9e94cbad50f
10,Pomerania Mini Toy Cara De Oso Lulú Ruso Pomerañia,9.600.000,https://articulo.mercadolibre.com.co/MCO-848521608-pomerania-mini-toy-cara-de-oso-lulu-ruso-pomerania-_JM?searchVariation=174080203488#searchVariation=174080203488&position=11&search_layout=stack&type=item&tracking_id=6bfd5292-3eb1-4ce3-8ef4-a9e94cbad50f
11,Cachorra Bulldog Frances Fluffy,49.000.000,https://articulo.mercadolibre.com.co/MCO-836507380-cachorra-bulldog-frances-fluffy-_JM?searchVariation=173952304531#searchVariation=173952304531&position=12&search_layout=stack&type=item&tracking_id=6bfd5292-3eb1-4ce3-8ef4-a9e94cbad50f
12,Cachorro Bulldog Frances Negro Criadero El Arca Del Frances,900.000,https://articulo.mercadolibre.com.co/MCO-591184968-cachorro-bulldog-frances-negro-criadero-el-arca-del-frances-_JM?searchVariation=66609246435#searchVariation=66609246435&position=13&search_layout=stack&type=item&tracking_id=6bfd5292-3eb1-4ce3-8ef4-a9e94cbad50f
13,Yorkshire Terrier Mini,1.400.000,https://articulo.mercadolibre.com.co/MCO-903061500-yorkshire-terrier-mini-_JM?searchVariation=174599321785#searchVariation=174599321785&position=14&search_layout=stack&type=item&tracking_id=6bfd5292-3eb1-4ce3-8ef4-a9e94cbad50f
14,Golden Retriever,990.000,https://articulo.mercadolibre.com.co/MCO-871374683-golden-retriever-_JM?searchVariation=174313334673#searchVariation=174313334673&position=15&search_layout=stack&type=item&tracking_id=6bfd5292-3eb1-4ce3-8ef4-a9e94cbad50f
15,Perro Pincher Mini Mascotas Rionegro Medellín Bogota,780.000,https://articulo.mercadolibre.com.co/MCO-872977004-perro-pincher-mini-mascotas-rionegro-medellin-bogota-_JM?searchVariation=174326865574#searchVariation=174326865574&position=16&search_layout=stack&type=item&tracking_id=6bfd5292-3eb1-4ce3-8ef4-a9e94cbad50f
16,Espectaculares Cachorros Pincher Miniatura Mascotas Rionegro,750.000,https://articulo.mercadolibre.com.co/MCO-558280218-espectaculares-cachorros-pincher-miniatura-mascotas-rionegro-_JM?searchVariation=53546461267#searchVariation=53546461267&position=17&search_layout=stack&type=item&tracking_id=6bfd5292-3eb1-4ce3-8ef4-a9e94cbad50f
17,Cachorros Border Collie Merlw,950.000,https://articulo.mercadolibre.com.co/MCO-856646348-cachorros-border-collie-merlw-_JM#position=18&search_layout=stack&type=item&tracking_id=6bfd5292-3eb1-4ce3-8ef4-a9e94cbad50f
18,Pastor Alemán Precio Especial Mascotas Rionegro Medellín,980.000,https://articulo.mercadolibre.com.co/MCO-873249661-pastor-aleman-precio-especial-mascotas-rionegro-medellin-_JM?searchVariation=174329670360#searchVariation=174329670360&position=19&search_layout=stack&type=item&tracking_id=6bfd5292-3eb1-4ce3-8ef4-a9e94cbad50f
19,Cachorros Doberman Perrito Doverman Puppy Dobermen,4.320.000,https://articulo.mercadolibre.com.co/MCO-854145135-cachorros-doberman-perrito-doverman-puppy-dobermen-_JM?searchVariation=174143614021#searchVariation=174143614021&position=20&search_layout=stack&type=item&tracking_id=6bfd5292-3eb1-4ce3-8ef4-a9e94cbad50f
20,Cachorros Pastor Holandes,800.000,https://articulo.mercadolibre.com.co/MCO-875432006-cachorros-pastor-holandes-_JM?searchVariation=174345918924#searchVariation=174345918924&position=21&search_layout=stack&type=item&tracking_id=6bfd5292-3eb1-4ce3-8ef4-a9e94cbad50f
21,Cachorros Bulldogs Ingles Bull Dog Ingles Perrito Cachorrito,7.200.000,https://articulo.mercadolibre.com.co/MCO-851312004-cachorros-bulldogs-ingles-bull-dog-ingles-perrito-cachorrito-_JM?searchVariation=174112624228#searchVariation=174112624228&position=22&search_layout=stack&type=item&tracking_id=6bfd5292-3eb1-4ce3-8ef4-a9e94cbad50f
22,Cachorros Border Collie Mascotas Rionegro Medellin Bogotá,2.400.000,https://articulo.mercadolibre.com.co/MCO-869895622-cachorros-border-collie-mascotas-rionegro-medellin-bogota-_JM?searchVariation=174300368736#searchVariation=174300368736&position=23&search_layout=stack&type=item&tracking_id=6bfd5292-3eb1-4ce3-8ef4-a9e94cbad50f
23,Cachorros Husky Siberiano Mascotas Medellín Bogota,1.300.000,https://articulo.mercadolibre.com.co/MCO-870893219-cachorros-husky-siberiano-mascotas-medellin-bogota-_JM?searchVariation=174308086332#searchVariation=174308086332&position=24&search_layout=stack&type=item&tracking_id=6bfd5292-3eb1-4ce3-8ef4-a9e94cbad50f
24,Fluffy Bulldog Francés,60.000.000,https://articulo.mercadolibre.com.co/MCO-838791732-fluffy-bulldog-frances-_JM#position=25&search_layout=stack&type=item&tracking_id=6bfd5292-3eb1-4ce3-8ef4-a9e94cbad50f
25,Perros Cachorros Pug Mini Brindle Exotico Puppy Puu Pog,1.300.000,https://articulo.mercadolibre.com.co/MCO-872306717-perros-cachorros-pug-mini-brindle-exotico-puppy-puu-pog-_JM?searchVariation=174320842991#searchVariation=174320842991&position=26&search_layout=stack&type=item&tracking_id=6bfd5292-3eb1-4ce3-8ef4-a9e94cbad50f
26,Cachorros Cocker Spaniel,550.000,https://articulo.mercadolibre.com.co/MCO-855306895-cachorros-cocker-spaniel-_JM?searchVariation=174263135215#searchVariation=174263135215&position=27&search_layout=stack&type=item&tracking_id=6bfd5292-3eb1-4ce3-8ef4-a9e94cbad50f
27,Perros Cachorros De Raza Cocker Spaniel,800.000,https://articulo.mercadolibre.com.co/MCO-824254437-perros-cachorros-de-raza-cocker-spaniel-_JM?searchVariation=173835534600#searchVariation=173835534600&position=28&search_layout=stack&type=item&tracking_id=6bfd5292-3eb1-4ce3-8ef4-a9e94cbad50f
28,Cachorros Shituzu Macho,1.000.000,https://articulo.mercadolibre.com.co/MCO-608848447-cachorros-shituzu-macho-_JM?searchVariation=76965393641#searchVariation=76965393641&position=29&search_layout=stack&type=item&tracking_id=6bfd5292-3eb1-4ce3-8ef4-a9e94cbad50f
29,Cachorros Doberman Perrito Doverman Puppy Dobermen,3.120.000,https://articulo.mercadolibre.com.co/MCO-854157992-cachorros-doberman-perrito-doverman-puppy-dobermen-_JM?searchVariation=174143371005#searchVariation=174143371005&position=30&search_layout=stack&type=item&tracking_id=6bfd5292-3eb1-4ce3-8ef4-a9e94cbad50f
30,Pastor Alemán Macho Disponible,900.000,https://articulo.mercadolibre.com.co/MCO-625420209-pastor-aleman-macho-disponible-_JM?searchVariation=85388982906#searchVariation=85388982906&position=31&search_layout=stack&type=item&tracking_id=6bfd5292-3eb1-4ce3-8ef4-a9e94cbad50f
31,Cachorros Pastor Ganadero Australiano,1.550.000,https://articulo.mercadolibre.com.co/MCO-605500976-cachorros-pastor-ganadero-australiano-_JM?searchVariation=90244344464#searchVariation=90244344464&position=32&search_layout=stack&type=item&tracking_id=6bfd5292-3eb1-4ce3-8ef4-a9e94cbad50f
32,Cachorro Bulldog Ingles Bull Dog Ingles Perrito Cachorrito,8.640.000,https://articulo.mercadolibre.com.co/MCO-851425556-cachorro-bulldog-ingles-bull-dog-ingles-perrito-cachorrito-_JM?searchVariation=174112522398#searchVariation=174112522398&position=33&search_layout=stack&type=item&tracking_id=6bfd5292-3eb1-4ce3-8ef4-a9e94cbad50f
33,Cachorro Pastor Belga Malinois Puppy Pastor Belga Perrito,4.320.000,https://articulo.mercadolibre.com.co/MCO-861017398-cachorro-pastor-belga-malinois-puppy-pastor-belga-perrito-_JM?searchVariation=174209925333#searchVariation=174209925333&position=34&search_layout=stack&type=item&tracking_id=6bfd5292-3eb1-4ce3-8ef4-a9e94cbad50f
34,Cachorros Bulldog Francés Blue Merle Línea Pequeña,6.000.000,https://articulo.mercadolibre.com.co/MCO-829739190-cachorros-bulldog-frances-blue-merle-linea-pequena-_JM?searchVariation=173889173994#searchVariation=173889173994&position=35&search_layout=stack&type=item&tracking_id=6bfd5292-3eb1-4ce3-8ef4-a9e94cbad50f
35,Cachorros De Raza Beagles,800.000,https://articulo.mercadolibre.com.co/MCO-646097462-cachorros-de-raza-beagles-_JM?searchVariation=90945026196#searchVariation=90945026196&position=36&search_layout=stack&type=item&tracking_id=6bfd5292-3eb1-4ce3-8ef4-a9e94cbad50f
36,Cachorro Doberman Perrito Doverman Puppy Dobermen Cachorrito,4.080.000,https://articulo.mercadolibre.com.co/MCO-854158040-cachorro-doberman-perrito-doverman-puppy-dobermen-cachorrito-_JM?searchVariation=174143371378#searchVariation=174143371378&position=37&search_layout=stack&type=item&tracking_id=6bfd5292-3eb1-4ce3-8ef4-a9e94cbad50f
37,Pastor Belga Cachorros,950.000,https://articulo.mercadolibre.com.co/MCO-828096757-pastor-belga-cachorros-_JM?searchVariation=173873435498#searchVariation=173873435498&position=38&search_layout=stack&type=item&tracking_id=6bfd5292-3eb1-4ce3-8ef4-a9e94cbad50f
38,Cachorro Bulldog Ingless Bull Dog Ingles Perrito Cachorrito,4.800.000,https://articulo.mercadolibre.com.co/MCO-851471095-cachorro-bulldog-ingless-bull-dog-ingles-perrito-cachorrito-_JM?searchVariation=174112596738#searchVariation=174112596738&position=39&search_layout=stack&type=item&tracking_id=6bfd5292-3eb1-4ce3-8ef4-a9e94cbad50f
39,Cachorro Chihuahua Puppy Perrito Chiguagua Cachorrito,6.060.000,https://articulo.mercadolibre.com.co/MCO-860107877-cachorro-chihuahua-puppy-perrito-chiguagua-cachorrito-_JM?searchVariation=174203134598#searchVariation=174203134598&position=40&search_layout=stack&type=item&tracking_id=6bfd5292-3eb1-4ce3-8ef4-a9e94cbad50f
40,Cachorro Bulldog Francés Puppy Bull Doc Vull Doc Cachorrito,9.840.000,https://articulo.mercadolibre.com.co/MCO-859643492-cachorro-bulldog-frances-puppy-bull-doc-vull-doc-cachorrito-_JM?searchVariation=174198724098#searchVariation=174198724098&position=41&search_layout=stack&type=item&tracking_id=6bfd5292-3eb1-4ce3-8ef4-a9e94cbad50f
41,Perro Pincher Marron Mascotas Rionegro Medellín Bogota,780.000,https://articulo.mercadolibre.com.co/MCO-873044888-perro-pincher-marron-mascotas-rionegro-medellin-bogota-_JM?searchVariation=174326833427#searchVariation=174326833427&position=42&search_layout=stack&type=item&tracking_id=6bfd5292-3eb1-4ce3-8ef4-a9e94cbad50f
42,Bulldog Francés Lilac Gris. Criadero El Arca Del Francés,2.800.000,https://articulo.mercadolibre.com.co/MCO-613804064-bulldog-frances-lilac-gris-criadero-el-arca-del-frances-_JM#position=43&search_layout=stack&type=item&tracking_id=6bfd5292-3eb1-4ce3-8ef4-a9e94cbad50f
43,Pitbull Blue Mascotas Rionegro Medellin Bogotá Cali,1.300.000,https://articulo.mercadolibre.com.co/MCO-869891933-pitbull-blue-mascotas-rionegro-medellin-bogota-cali-_JM?searchVariation=174299412668#searchVariation=174299412668&position=44&search_layout=stack&type=item&tracking_id=6bfd5292-3eb1-4ce3-8ef4-a9e94cbad50f
44,Espectaculares Cachorros Frenshpoodle Minitoy Mascotas Rione,950.000,https://articulo.mercadolibre.com.co/MCO-839650810-espectaculares-cachorros-frenshpoodle-minitoy-mascotas-rione-_JM?searchVariation=173990474268#searchVariation=173990474268&position=45&search_layout=stack&type=item&tracking_id=6bfd5292-3eb1-4ce3-8ef4-a9e94cbad50f
45,Cachorro Husky Siberiano Con Registro Perritos Cachorritos,5.000.000,https://articulo.mercadolibre.com.co/MCO-844430665-cachorro-husky-siberiano-con-registro-perritos-cachorritos-_JM?searchVariation=174156986151#searchVariation=174156986151&position=46&search_layout=stack&type=item&tracking_id=6bfd5292-3eb1-4ce3-8ef4-a9e94cbad50f
46,Perros Cachorros Beagle Bigol Bigitoy Mini Perritos Puppy,2.520.000,https://articulo.mercadolibre.com.co/MCO-849528011-perros-cachorros-beagle-bigol-bigitoy-mini-perritos-puppy-_JM?searchVariation=174091781055#searchVariation=174091781055&position=47&search_layout=stack&type=item&tracking_id=6bfd5292-3eb1-4ce3-8ef4-a9e94cbad50f
47,Cachorro Cocker Spaniel Puppy Coker Perrito Coquer,4.800.000,https://articulo.mercadolibre.com.co/MCO-852414922-cachorro-cocker-spaniel-puppy-coker-perrito-coquer-_JM?searchVariation=174125037220#searchVariation=174125037220&position=48&search_layout=stack&type=item&tracking_id=6bfd5292-3eb1-4ce3-8ef4-a9e94cbad50f
48,Cachorros Pincher Mini Mascotas Rionegro Medellín Bogota,780.000,https://articulo.mercadolibre.com.co/MCO-872958330-cachorros-pincher-mini-mascotas-rionegro-medellin-bogota-_JM?searchVariation=174326919895#searchVariation=174326919895&position=49&search_layout=stack&type=item&tracking_id=6bfd5292-3eb1-4ce3-8ef4-a9e94cbad50f
49,Cachorro Bulldog Frances Macho Sable At El Arca Del Frances,1.300.000,https://articulo.mercadolibre.com.co/MCO-608900430-cachorro-bulldog-frances-macho-sable-at-el-arca-del-frances-_JM?searchVariation=76995690412#searchVariation=76995690412&position=50&search_layout=stack&type=item&tracking_id=6bfd5292-3eb1-4ce3-8ef4-a9e94cbad50f
50,Espectacular Cachorro Pomerania Mini Mascotas Rionegro,2.300.000,https://articulo.mercadolibre.com.co/MCO-825689398-espectacular-cachorro-pomerania-mini-mascotas-rionegro-_JM?searchVariation=173907206964#searchVariation=173907206964&position=51&search_layout=stack&type=item&tracking_id=6bfd5292-3eb1-4ce3-8ef4-a9e94cbad50f
0,Juguete De Actividades Fisher Price Robi Rueda Conmigo,389.925,https://click1.mercadolibre.com.co/mclics/clicks/external/MCO/count?a=TIKyUHqgd8qwMStWMI6f4d1rCRzJC%2BmyMu1MIF%2BiHeK3q80F0qmAvIHaNR7MuyAYRvN3T2mLEnyYIRzz993K4AZal1acp2TN%2FIMoRr2%2B4OzgERHeU7s8%2BK6FEvZHgypBHhWqkJgn95M7WbLSFYUhHb%2FEk9HadudDhAhNGEE5GM6C0akjyJUQoUPq3Ppfuyhru4NDiy0B5GkfXZHah4pg4AkDfZpG6m%2FogURo7Wq%2FmU2up8RBZIvnkGlXhB5AaJtuoRqLb5SCQrfWLnRikMqPWEMxnnlVCp3YQedbMdHtRwJiL7muKkvhO2rLZpeThTJrLurRcszXTDWa0wUQ5vWa6IYGO%2FVw%2F67XcyjATLwc37I%2B8k%2FDMfkPd3QHMIMJ%2FYJHewkZyo9bSSDQBDbm7gZvxFRdeKC8FFVKhckt%2FQ5b7Io0GHdjnCK5FyzS1DpTj1eaiQnQ02Bndum8%2BQfg48jsbM33QQede4sMJ0BPbIlZvm8KCp298VeqnI1kM8pGgyA7roIH97stZjP06x3A1E92hx36Q0ugFoobMHzQZ6aY6HDmk26AiTm18KVIg3zvQ1DhapKpx6UT2EiaYiPaDXOOk3IuBAJUKDJpAac%2BmcwuXZptv%2Bhl%2FEJWp5kHMrHiNdpvLGwvHadV4LG3iJ3TnAbIhQpxFmWHwhYzpaWPupglX3V1zJozpadK1qFgQPxUJ25H5ecj4JkcPwHqiNn1Xm2K6ZvhSnzv%2BNnOJbXAZUW%2BoIGjVMgWHgTL%2FyjQZxvOwY36nFWipD%2FmxDEFMq%2BjnkAaPw%3D%3D&rb=x
1,Perros Australian Shepherd Pastor Ovejero Australiano,7.740.000,https://articulo.mercadolibre.com.co/MCO-849190968-perros-australian-shepherd-pastor-ovejero-australiano-_JM?searchVariation=174089052592#searchVariation=174089052592&position=2&search_layout=stack&type=item&tracking_id=829a4804-2222-49cd-af64-8c3235589ab7
2,Cachorros Cocker Spaniel Mascotas Rionegro Medellin Bogotá,980.000,https://articulo.mercadolibre.com.co/MCO-869927906-cachorros-cocker-spaniel-mascotas-rionegro-medellin-bogota-_JM?searchVariation=174300306408#searchVariation=174300306408&position=3&search_layout=stack&type=item&tracking_id=829a4804-2222-49cd-af64-8c3235589ab7
3,Perro Cachorro Pomernia Lulu,1.900.000,https://articulo.mercadolibre.com.co/MCO-836483392-perro-cachorro-pomernia-lulu-_JM?searchVariation=173952456996#searchVariation=173952456996&position=4&search_layout=stack&type=item&tracking_id=829a4804-2222-49cd-af64-8c3235589ab7
4,Perros Cachorros Pastor Alemán Aleman Perro De Pastoreo Pupy,5.160.000,https://articulo.mercadolibre.com.co/MCO-849193466-perros-cachorros-pastor-aleman-aleman-perro-de-pastoreo-pupy-_JM?searchVariation=174089057977#searchVariation=174089057977&position=5&search_layout=stack&type=item&tracking_id=829a4804-2222-49cd-af64-8c3235589ab7
5,Cachorro Dachshund Mini Teckel Perro Salchicha Puppy,1.700.000,https://articulo.mercadolibre.com.co/MCO-890203836-cachorro-dachshund-mini-teckel-perro-salchicha-puppy-_JM?searchVariation=174478553133#searchVariation=174478553133&position=6&search_layout=stack&type=item&tracking_id=829a4804-2222-49cd-af64-8c3235589ab7
6,Cachorro Pastor Belga Malinois Puppy Pastor Belga Perrito,3.180.000,https://articulo.mercadolibre.com.co/MCO-861164269-cachorro-pastor-belga-malinois-puppy-pastor-belga-perrito-_JM?searchVariation=174210432687#searchVariation=174210432687&position=7&search_layout=stack&type=item&tracking_id=829a4804-2222-49cd-af64-8c3235589ab7
7,Perros Cachorros Pastor Alemán Aleman Perro De Pastoreo Pupy,2.500.000,https://articulo.mercadolibre.com.co/MCO-849161271-perros-cachorros-pastor-aleman-aleman-perro-de-pastoreo-pupy-_JM?searchVariation=174089186778#searchVariation=174089186778&position=8&search_layout=stack&type=item&tracking_id=829a4804-2222-49cd-af64-8c3235589ab7
8,Hermoso Cachorro American Bully,4.500.000,https://articulo.mercadolibre.com.co/MCO-839926919-hermoso-cachorro-american-bully-_JM?searchVariation=173987364016#searchVariation=173987364016&position=9&search_layout=stack&type=item&tracking_id=829a4804-2222-49cd-af64-8c3235589ab7
9,Espectaculares Pomerania Mini Mascotas Rionegro,2.000.000,https://articulo.mercadolibre.com.co/MCO-830711134-espectaculares-pomerania-mini-mascotas-rionegro-_JM?searchVariation=173907561899#searchVariation=173907561899&position=10&search_layout=stack&type=item&tracking_id=829a4804-2222-49cd-af64-8c3235589ab7
10,Perros Cachorros Bernes De La Montaña Boyero Suizo Vernes,5.160.000,https://articulo.mercadolibre.com.co/MCO-849210766-perros-cachorros-bernes-de-la-montana-boyero-suizo-vernes-_JM?searchVariation=174089067243#searchVariation=174089067243&position=11&search_layout=stack&type=item&tracking_id=829a4804-2222-49cd-af64-8c3235589ab7
11,Cachorro Pastor Belga Malinois Puppy Pastor Belga Perrito,5.400.000,https://articulo.mercadolibre.com.co/MCO-861035532-cachorro-pastor-belga-malinois-puppy-pastor-belga-perrito-_JM?searchVariation=174210018486#searchVariation=174210018486&position=12&search_layout=stack&type=item&tracking_id=829a4804-2222-49cd-af64-8c3235589ab7
12,Schitzu Cachorros,650.000,https://articulo.mercadolibre.com.co/MCO-544108613-schitzu-cachorros-_JM?searchVariation=71198179447#searchVariation=71198179447&position=13&search_layout=stack&type=item&tracking_id=829a4804-2222-49cd-af64-8c3235589ab7
13,Cachorro Chihuahua Puppy Perrito Chiguagua Cachorrito,14.400.000,https://articulo.mercadolibre.com.co/MCO-859621807-cachorro-chihuahua-puppy-perrito-chiguagua-cachorrito-_JM?searchVariation=174198380685#searchVariation=174198380685&position=14&search_layout=stack&type=item&tracking_id=829a4804-2222-49cd-af64-8c3235589ab7
14,Cachorro Doberman Perrito Doverman Puppy Dobermen Cachorrito,2.760.000,https://articulo.mercadolibre.com.co/MCO-854133437-cachorro-doberman-perrito-doverman-puppy-dobermen-cachorrito-_JM?searchVariation=174143281498#searchVariation=174143281498&position=15&search_layout=stack&type=item&tracking_id=829a4804-2222-49cd-af64-8c3235589ab7
15,Perros Cachorros Bulldog Ingles Bull Dog Inglés Vull Doc,2.760.000,https://articulo.mercadolibre.com.co/MCO-849530194-perros-cachorros-bulldog-ingles-bull-dog-ingles-vull-doc-_JM?searchVariation=174092980824#searchVariation=174092980824&position=16&search_layout=stack&type=item&tracking_id=829a4804-2222-49cd-af64-8c3235589ab7
16,Cachorro Bulldog Frances Black Merle,3.500.000,https://articulo.mercadolibre.com.co/MCO-819097380-cachorro-bulldog-frances-black-merle-_JM?searchVariation=173784819023#searchVariation=173784819023&position=17&search_layout=stack&type=item&tracking_id=829a4804-2222-49cd-af64-8c3235589ab7
17,Cachorro Lobo Mascotas Rionegro Medellín Bogota,1.300.000,https://articulo.mercadolibre.com.co/MCO-870918829-cachorro-lobo-mascotas-rionegro-medellin-bogota-_JM?searchVariation=174308030053#searchVariation=174308030053&position=18&search_layout=stack&type=item&tracking_id=829a4804-2222-49cd-af64-8c3235589ab7
18,Yorkshire Cachorro Entrega Inmediata,2.000.000,https://articulo.mercadolibre.com.co/MCO-871097017-yorkshire-cachorro-entrega-inmediata-_JM?searchVariation=174310763640#searchVariation=174310763640&position=19&search_layout=stack&type=item&tracking_id=829a4804-2222-49cd-af64-8c3235589ab7
19,Cachorro Dalmata Perrito Puppy Cachorrito Dálmata,2.100.000,https://articulo.mercadolibre.com.co/MCO-854550366-cachorro-dalmata-perrito-puppy-cachorrito-dalmata-_JM?searchVariation=174148746425#searchVariation=174148746425&position=20&search_layout=stack&type=item&tracking_id=829a4804-2222-49cd-af64-8c3235589ab7
20,Cachorros French Poodle Toy,1.100.000,https://articulo.mercadolibre.com.co/MCO-835061358-cachorros-french-poodle-toy-_JM?searchVariation=173940011209#searchVariation=173940011209&position=21&search_layout=stack&type=item&tracking_id=829a4804-2222-49cd-af64-8c3235589ab7
21,Monta Bulldog Frances Lilac And Tan. El Arca Del Frances Qua,900.000,https://articulo.mercadolibre.com.co/MCO-513281511-monta-bulldog-frances-lilac-and-tan-el-arca-del-frances-qua-_JM?searchVariation=40418406467#searchVariation=40418406467&position=22&search_layout=stack&type=item&tracking_id=829a4804-2222-49cd-af64-8c3235589ab7
22,Perros Cachorros Teckel Dachshund Perro Salchicha Puppy Mini,8.500.000,https://articulo.mercadolibre.com.co/MCO-850764239-perros-cachorros-teckel-dachshund-perro-salchicha-puppy-mini-_JM?searchVariation=174102804086#searchVariation=174102804086&position=23&search_layout=stack&type=item&tracking_id=829a4804-2222-49cd-af64-8c3235589ab7
23,Cachorro Golden Retriever Retriver Perritos Cachorritos,2.040.000,https://articulo.mercadolibre.com.co/MCO-849180486-cachorro-golden-retriever-retriver-perritos-cachorritos-_JM?searchVariation=174089159338#searchVariation=174089159338&position=24&search_layout=stack&type=item&tracking_id=829a4804-2222-49cd-af64-8c3235589ab7
24,Cachorro Jack Russell,1.500.000,https://articulo.mercadolibre.com.co/MCO-825216005-cachorro-jack-russell-_JM#position=25&search_layout=stack&type=item&tracking_id=829a4804-2222-49cd-af64-8c3235589ab7
25,Cachorro San Bernardo Perrito Puppy,6.120.000,https://articulo.mercadolibre.com.co/MCO-852136946-cachorro-san-bernardo-perrito-puppy-_JM?searchVariation=174122026903#searchVariation=174122026903&position=26&search_layout=stack&type=item&tracking_id=829a4804-2222-49cd-af64-8c3235589ab7
26,Cachorros Rotweiler Mascotas Rionegro Medellin Bogota,1.450.000,https://articulo.mercadolibre.com.co/MCO-877216729-cachorros-rotweiler-mascotas-rionegro-medellin-bogota-_JM?searchVariation=174364856669#searchVariation=174364856669&position=27&search_layout=stack&type=item&tracking_id=829a4804-2222-49cd-af64-8c3235589ab7
27,Espectaculares Cachorros Chihuhua,1.900.000,https://articulo.mercadolibre.com.co/MCO-598712989-espectaculares-cachorros-chihuhua-_JM?searchVariation=70892316146#searchVariation=70892316146&position=28&search_layout=stack&type=item&tracking_id=829a4804-2222-49cd-af64-8c3235589ab7
28,Cachorro Chihuahua Puppy Perrito Chiguagua Cachorrito,8.340.000,https://articulo.mercadolibre.com.co/MCO-860303665-cachorro-chihuahua-puppy-perrito-chiguagua-cachorrito-_JM?searchVariation=174203220232#searchVariation=174203220232&position=29&search_layout=stack&type=item&tracking_id=829a4804-2222-49cd-af64-8c3235589ab7
29,Cachorro Shih Tzu Perrito Shitzu Cachorro,3.000.000,https://articulo.mercadolibre.com.co/MCO-852129296-cachorro-shih-tzu-perrito-shitzu-cachorro-_JM?searchVariation=174121279457#searchVariation=174121279457&position=30&search_layout=stack&type=item&tracking_id=829a4804-2222-49cd-af64-8c3235589ab7
30,Pastor Aleman Pelo Largo Cachorrito Puppy Peludito,4.800.000,https://articulo.mercadolibre.com.co/MCO-852491174-pastor-aleman-pelo-largo-cachorrito-puppy-peludito-_JM?searchVariation=174126922721#searchVariation=174126922721&position=31&search_layout=stack&type=item&tracking_id=829a4804-2222-49cd-af64-8c3235589ab7
31,Cachorro Bulldog Francés Puppy Bull Doc Vull Doc Cachorrito,8.100.000,https://articulo.mercadolibre.com.co/MCO-859637229-cachorro-bulldog-frances-puppy-bull-doc-vull-doc-cachorrito-_JM?searchVariation=174198923162#searchVariation=174198923162&position=32&search_layout=stack&type=item&tracking_id=829a4804-2222-49cd-af64-8c3235589ab7
32,Cachorro Pomerania Perrito Pomerañia Cachorro,3.240.000,https://articulo.mercadolibre.com.co/MCO-852243692-cachorro-pomerania-perrito-pomerania-cachorro-_JM?searchVariation=174121950555#searchVariation=174121950555&position=33&search_layout=stack&type=item&tracking_id=829a4804-2222-49cd-af64-8c3235589ab7
33,Cachorro Bulldog Ingles Bull Dog Ingles Perrito Cachorrito,7.800.000,https://articulo.mercadolibre.com.co/MCO-851496996-cachorro-bulldog-ingles-bull-dog-ingles-perrito-cachorrito-_JM?searchVariation=174112712519#searchVariation=174112712519&position=34&search_layout=stack&type=item&tracking_id=829a4804-2222-49cd-af64-8c3235589ab7
34,Criadero De Yorkie Miniatura.,2.500.000,https://articulo.mercadolibre.com.co/MCO-871084324-criadero-de-yorkie-miniatura-_JM?searchVariation=174310814014#searchVariation=174310814014&position=35&search_layout=stack&type=item&tracking_id=829a4804-2222-49cd-af64-8c3235589ab7
35,Perros Cachorros Bernes De La Montaña Boyero Suizo Vernes,5.760.000,https://articulo.mercadolibre.com.co/MCO-849210850-perros-cachorros-bernes-de-la-montana-boyero-suizo-vernes-_JM?searchVariation=174089067459#searchVariation=174089067459&position=36&search_layout=stack&type=item&tracking_id=829a4804-2222-49cd-af64-8c3235589ab7
36,Espectaculares Border C Mascotas Rionegro,2.000.000,https://articulo.mercadolibre.com.co/MCO-840336349-espectaculares-border-c-mascotas-rionegro-_JM?searchVariation=174303672310#searchVariation=174303672310&position=37&search_layout=stack&type=item&tracking_id=829a4804-2222-49cd-af64-8c3235589ab7
37,Cachorro Cocker Spaniel Puppy Coker Perrito Coquer,3.840.000,https://articulo.mercadolibre.com.co/MCO-852414913-cachorro-cocker-spaniel-puppy-coker-perrito-coquer-_JM?searchVariation=174125037104#searchVariation=174125037104&position=38&search_layout=stack&type=item&tracking_id=829a4804-2222-49cd-af64-8c3235589ab7
38,Perros Cachorros Cocker Spaniel Coquer Coker Espaniel Puppy,2.000.000,https://articulo.mercadolibre.com.co/MCO-908959144-perros-cachorros-cocker-spaniel-coquer-coker-espaniel-puppy-_JM?searchVariation=174646166317#searchVariation=174646166317&position=39&search_layout=stack&type=item&tracking_id=829a4804-2222-49cd-af64-8c3235589ab7
39,Perros Australian Shepherd Pastor Ovejero Australiano,4.560.000,https://articulo.mercadolibre.com.co/MCO-849203797-perros-australian-shepherd-pastor-ovejero-australiano-_JM?searchVariation=174088901476#searchVariation=174088901476&position=40&search_layout=stack&type=item&tracking_id=829a4804-2222-49cd-af64-8c3235589ab7
40,Pinscher Miniatura Precio Especial Mascotas Rionegro,780.000,https://articulo.mercadolibre.com.co/MCO-872926347-pinscher-miniatura-precio-especial-mascotas-rionegro-_JM?searchVariation=174326902918#searchVariation=174326902918&position=41&search_layout=stack&type=item&tracking_id=829a4804-2222-49cd-af64-8c3235589ab7
41,Perros Cachorros Bulldog Frances Fluffy Cocoa And Tan Puppy,60.000.000,https://articulo.mercadolibre.com.co/MCO-907401876-perros-cachorros-bulldog-frances-fluffy-cocoa-and-tan-puppy-_JM?searchVariation=174631229187#searchVariation=174631229187&position=42&search_layout=stack&type=item&tracking_id=829a4804-2222-49cd-af64-8c3235589ab7
42,Cachorro Shih Tzu Perrito Shitzu Cachorro,2.520.000,https://articulo.mercadolibre.com.co/MCO-852100445-cachorro-shih-tzu-perrito-shitzu-cachorro-_JM?searchVariation=174121141519#searchVariation=174121141519&position=43&search_layout=stack&type=item&tracking_id=829a4804-2222-49cd-af64-8c3235589ab7
43,Cachorro Yorkie York Shire Terrier Tea Cup Yorqui Yorki,4.200.000,https://articulo.mercadolibre.com.co/MCO-848332926-cachorro-yorkie-york-shire-terrier-tea-cup-yorqui-yorki-_JM?searchVariation=174078150255#searchVariation=174078150255&position=44&search_layout=stack&type=item&tracking_id=829a4804-2222-49cd-af64-8c3235589ab7
44,Cachorros Labrador Retriever,400.000,https://articulo.mercadolibre.com.co/MCO-922778845-cachorros-labrador-retriever-_JM?searchVariation=174789241875#searchVariation=174789241875&position=45&search_layout=stack&type=item&tracking_id=829a4804-2222-49cd-af64-8c3235589ab7
45,Bulldog Frances Exótico Merle. Mini,9.990.000,https://articulo.mercadolibre.com.co/MCO-826815444-bulldog-frances-exotico-merle-mini-_JM?searchVariation=173862236355#searchVariation=173862236355&position=46&search_layout=stack&type=item&tracking_id=829a4804-2222-49cd-af64-8c3235589ab7
46,Perro Cachorro American Bully Pocket Puppy Con Registro Abkc,2.000.000,https://articulo.mercadolibre.com.co/MCO-903109970-perro-cachorro-american-bully-pocket-puppy-con-registro-abkc-_JM?searchVariation=174600150017#searchVariation=174600150017&position=47&search_layout=stack&type=item&tracking_id=829a4804-2222-49cd-af64-8c3235589ab7
47,Espectacular Cachorra Doberman Mascotas Rionegro Medellin,1.350.000,https://articulo.mercadolibre.com.co/MCO-869872485-espectacular-cachorra-doberman-mascotas-rionegro-medellin-_JM?searchVariation=174299387556#searchVariation=174299387556&position=48&search_layout=stack&type=item&tracking_id=829a4804-2222-49cd-af64-8c3235589ab7
48,Rotweiler Cachorros Precio Especial Mascotas Rionegro,1.400.000,https://articulo.mercadolibre.com.co/MCO-877217111-rotweiler-cachorros-precio-especial-mascotas-rionegro-_JM?searchVariation=174364859106#searchVariation=174364859106&position=49&search_layout=stack&type=item&tracking_id=829a4804-2222-49cd-af64-8c3235589ab7
49,Dogo Argentino,3.000.000,https://articulo.mercadolibre.com.co/MCO-820332532-dogo-argentino-_JM#position=50&search_layout=stack&type=item&tracking_id=829a4804-2222-49cd-af64-8c3235589ab7
50,Cachorro Beagle Perrito Puppy Cachorritos,2.040.000,https://articulo.mercadolibre.com.co/MCO-852383312-cachorro-beagle-perrito-puppy-cachorritos-_JM?searchVariation=174124795312#searchVariation=174124795312&position=51&search_layout=stack&type=item&tracking_id=829a4804-2222-49cd-af64-8c3235589ab7
